StationId,StationName,City,State,Latitude,Longitude,PM2.5 (ug/m3),PM10 (ug/m3),NOx (ppb),SO2 (ug/m3),Ozone (ug/m3)
DL001,"Alipur, Delhi - DPCC",Delhi,Delhi,28.815329,77.15301,102.53,211.3,22.63,11.47,25.31
DL002,"Anand Vihar, Delhi - DPCC",Delhi,Delhi,28.647622,77.315809,125.42,316.73,119.85,21.59,35.8
DL003,"Ashok Vihar, Delhi - DPCC",Delhi,Delhi,28.695381,77.181665,103.79,222.15,48.51,12.61,21.71
DL004,"Aya Nagar, Delhi - IMD",Delhi,Delhi,28.4706914,77.1099364,69.97,155.18,31.68,,37.74
DL005,"Bawana, Delhi - DPCC",Delhi,Delhi,28.7762,77.051074,114.75,252.75,23.29,4.7,22.39
DL006,"Burari Crossing, Delhi - IMD",Delhi,Delhi,28.7256504,77.2011573,121.7,242.31,30.92,,30.51
DL007,"CRRI Mathura Road, Delhi - IMD",Delhi,Delhi,28.5512005,77.2735737,88.14,204.22,55.33,,26.23
DL008,"Chandni Chowk, Delhi - IITM",Delhi,Delhi,28.656756,77.227234,89.13,261.93,54.49,7.21,27.68
DL009,"DTU, Delhi - CPCB",Delhi,Delhi,28.7500499,77.1112615,97.35,213.67,41.36,16.41,35.82
DL010,"Dr. Karni Singh Shooting Range, Delhi - DPCC",Delhi,Delhi,28.498571,77.26484,90.1,179.3,46.36,9.99,48.42
DL011,"Dwarka-Sector 8, Delhi - DPCC",Delhi,Delhi,28.5710274,77.0719006,98.61,250.05,66.4,3.81,18.34
DL012,"East Arjun Nagar, Delhi - CPCB",Delhi,Delhi,28.655935,77.294904,,,,21.64,59.31
DL013,"IGI Airport (T3), Delhi - IMD",Delhi,Delhi,28.5627763,77.1180053,84.23,174.96,95.43,,18.86
DL014,"IHBAS, Dilshad Garden, Delhi - CPCB",Delhi,Delhi,28.6811736,77.3025234,85.17,203.44,50.2,15.01,24.15
DL015,"ITO, Delhi - CPCB",Delhi,Delhi,28.628624,77.24106,100.27,172.53,50.94,16.2,27.76
DL016,"Jahangirpuri, Delhi - DPCC",Delhi,Delhi,28.73282,77.170633,128.07,256.64,61.21,16.79,31.65
DL017,"Jawaharlal Nehru Stadium, Delhi - DPCC",Delhi,Delhi,28.58028,77.233829,94.97,196.38,79.28,11.32,41.11
DL018,"Lodhi Road, Delhi - IMD",Delhi,Delhi,28.588333,77.221667,101.28,154.63,,7.69,17.47
DL019,"Major Dhyan Chand National Stadium, Delhi - DPCC",Delhi,Delhi,28.611281,77.237738,99.39,207.61,85.34,5.28,20.34
DL020,"Mandir Marg, Delhi - DPCC",Delhi,Delhi,28.636429,77.201067,88.26,183.68,55.96,13.88,40.83
DL021,"Mundka, Delhi - DPCC",Delhi,Delhi,28.684678,77.076574,114.58,262.35,43.91,17.06,44.86
DL022,"NSIT Dwarka, Delhi - CPCB",Delhi,Delhi,28.60909,77.0325413,115.98,235.64,31.59,11.19,25.89
DL023,"Najafgarh, Delhi - DPCC",Delhi,Delhi,28.570173,76.933762,76.32,160.06,21.28,2.46,24.15
DL024,"Narela, Delhi - DPCC",Delhi,Delhi,28.822836,77.101981,108.17,230.82,36.62,14.26,50.27
DL025,"Nehru Nagar, Delhi - DPCC",Delhi,Delhi,28.56789,77.250515,117.06,210.61,62.28,16.08,41.56
DL026,"North Campus, DU, Delhi - IMD",Delhi,Delhi,28.6573814,77.1585447,92.55,184.76,47.46,,23.96
DL027,"Okhla Phase-2, Delhi - DPCC",Delhi,Delhi,28.530785,77.271255,92.75,218.32,74.66,8.81,29.88
DL028,"Patparganj, Delhi - DPCC",Delhi,Delhi,28.623763,77.287209,108.55,213.08,56.24,9.57,44.38
DL029,"Punjabi Bagh, Delhi - DPCC",Delhi,Delhi,28.674045,77.131023,116.35,231.2,46.33,15.47,21.16
DL030,"Pusa, Delhi - DPCC",Delhi,Delhi,28.639645,77.146262,91.27,220.03,97.24,10.61,22.92
DL031,"R K Puram, Delhi - DPCC",Delhi,Delhi,28.563262,77.186937,105.6,200.47,62.71,9.9,46.63
DL032,"Rohini, Delhi - DPCC",Delhi,Delhi,28.732528,77.11992,109.07,232.76,54.98,5.38,20.05
DL033,"Shadipur, Delhi - CPCB",Delhi,Delhi,28.6514781,77.1473105,96.24,230.47,45.91,9.8,28.47
DL034,"Sirifort, Delhi - CPCB",Delhi,Delhi,28.5504249,77.2159377,94.18,212.69,59.15,11,39.1
DL035,"Sonia Vihar, Delhi - DPCC",Delhi,Delhi,28.710508,77.249485,103.2,234.66,47.65,12.42,36.04
DL036,"Sri Aurobindo Marg, Delhi - DPCC",Delhi,Delhi,28.531346,77.190156,82.26,163.68,32.23,6.11,36.08
DL037,"Vivek Vihar, Delhi - DPCC",Delhi,Delhi,28.672342,77.31526,111.01,240.78,44.69,5.46,16.87
DL038,"Wazirpur, Delhi - DPCC",Delhi,Delhi,28.699793,77.165453,114.86,244.78,57.82,6.85,15.17